,TN,FP,FN,TP,Accuracy,Precision,Recall,Total_Actual_Neg,Total_Actual_Pos,Total_Pred_Neg,Total_Pred_Pos,TP_Rate,FP_Rate,TN_Rate,FN_Rate
0,7388.0,839.0,527.0,3072.0,0.8844917977338068,0.785476860138072,0.8535704362322868,8227.0,3599.0,7915.0,3911.0,0.8535704362322868,0.10198128114744136,0.8980187188525587,0.14642956376771327
5,7442.0,785.0,558.0,3041.0,0.8864366649754778,0.7948248823836905,0.8449569324812448,8227.0,3599.0,8000.0,3826.0,0.8449569324812448,0.09541752765285037,0.9045824723471496,0.1550430675187552
8,7458.0,769.0,565.0,3034.0,0.8871976999830881,0.7977912174599001,0.8430119477632676,8227.0,3599.0,8023.0,3803.0,0.8430119477632676,0.0934727118026012,0.9065272881973988,0.15698805223673243
11,7503.0,724.0,571.0,3028.0,0.8904955183493997,0.8070362473347548,0.8413448180050014,8227.0,3599.0,8074.0,3752.0,0.8413448180050014,0.08800291722377537,0.9119970827762246,0.15865518199499862
