,TN,FP,FN,TP,Accuracy,Precision,Recall,Total_Actual_Neg,Total_Actual_Pos,Total_Pred_Neg,Total_Pred_Pos,TP_Rate,FP_Rate,TN_Rate,FN_Rate
0,7582.0,645.0,454.0,3145.0,0.9070691696262473,0.8298153034300791,0.873853848291192,8227.0,3599.0,8036.0,3790.0,0.873853848291192,0.07840038896317005,0.92159961103683,0.126146151708808
3,7692.0,535.0,520.0,3079.0,0.910789785219009,0.8519645821804095,0.855515420950264,8227.0,3599.0,8212.0,3614.0,0.855515420950264,0.06502977999270694,0.934970220007293,0.14448457904973605
